技能名,卡片类型,正面,背面,标签,出处
处理违反约定四步法,框架概览,【处理违反约定四步法】核心框架,"【核心】处理违反约定四步法<br><br>【是什么】这是什么

基于 查理·佩勒林《4D卓越团队》中关于「处理违反约定四步法」的核心方法。<br><br>",处理违反约定四步法 查理佩勒林-教练 第1步按照处理违反约定四步法的要求逐步执行,《4D卓越团队》查理·佩勒林 | 邓男神Sweety | - **日期**：
处理违反约定四步法,操作步骤,【处理违反约定四步法】第1步：第1步：按照处理违反约定四步法的要求逐步执行,【处理违反约定四步法】第1步<br><br><b>操作：</b>第1步：按照处理违反约定四步法的要求逐步执行<br><br><i>来源：《4D卓越团队》查理·佩勒林 | 邓男神Sweety | - **日期**：</i>,处理违反约定四步法 查理佩勒林-教练 第1步按照处理违反约定四步法的要求逐步执行,《4D卓越团队》查理·佩勒林 | 邓男神Sweety | - **日期**：
处理违反约定四步法,操作步骤,【处理违反约定四步法】第2步：第2步：按照处理违反约定四步法的要求逐步执行,【处理违反约定四步法】第2步<br><br><b>操作：</b>第2步：按照处理违反约定四步法的要求逐步执行<br><br><i>来源：《4D卓越团队》查理·佩勒林 | 邓男神Sweety | - **日期**：</i>,处理违反约定四步法 查理佩勒林-教练 第1步按照处理违反约定四步法的要求逐步执行,《4D卓越团队》查理·佩勒林 | 邓男神Sweety | - **日期**：
处理违反约定四步法,操作步骤,【处理违反约定四步法】第3步：第3步：按照处理违反约定四步法的要求逐步执行,【处理违反约定四步法】第3步<br><br><b>操作：</b>第3步：按照处理违反约定四步法的要求逐步执行<br><br><i>来源：《4D卓越团队》查理·佩勒林 | 邓男神Sweety | - **日期**：</i>,处理违反约定四步法 查理佩勒林-教练 第1步按照处理违反约定四步法的要求逐步执行,《4D卓越团队》查理·佩勒林 | 邓男神Sweety | - **日期**：
处理违反约定四步法,操作步骤,【处理违反约定四步法】第4步：第4步：按照处理违反约定四步法的要求逐步执行,【处理违反约定四步法】第4步<br><br><b>操作：</b>第4步：按照处理违反约定四步法的要求逐步执行<br><br><i>来源：《4D卓越团队》查理·佩勒林 | 邓男神Sweety | - **日期**：</i>,处理违反约定四步法 查理佩勒林-教练 第1步按照处理违反约定四步法的要求逐步执行,《4D卓越团队》查理·佩勒林 | 邓男神Sweety | - **日期**：
处理违反约定四步法,练习场景,【处理违反约定四步法】练习场景 1,【处理违反约定四步法】练习场景<br><br>需要应用「处理违反约定四步法」的各种场景<br><br><i>运用所学的步骤进行练习</i>,处理违反约定四步法 查理佩勒林-教练 第1步按照处理违反约定四步法的要求逐步执行,《4D卓越团队》查理·佩勒林 | 邓男神Sweety | - **日期**：
处理违反约定四步法,练习场景,【处理违反约定四步法】练习场景 2,【处理违反约定四步法】练习场景<br><br>希望提升相关能力的日常练习<br><br><i>运用所学的步骤进行练习</i>,处理违反约定四步法 查理佩勒林-教练 第1步按照处理违反约定四步法的要求逐步执行,《4D卓越团队》查理·佩勒林 | 邓男神Sweety | - **日期**：
处理违反约定四步法,练习场景,【处理违反约定四步法】练习场景 3,【处理违反约定四步法】练习场景<br><br>教练：「关于「处理违反约定四步法」，你目前的使用情况如何？<br><br><i>运用所学的步骤进行练习</i>,处理违反约定四步法 查理佩勒林-教练 第1步按照处理违反约定四步法的要求逐步执行,《4D卓越团队》查理·佩勒林 | 邓男神Sweety | - **日期**：
处理违反约定四步法,练习场景,【处理违反约定四步法】练习场景 4,【处理违反约定四步法】练习场景<br><br>遇到过什么困难或困惑吗？」<br><br><i>运用所学的步骤进行练习</i>,处理违反约定四步法 查理佩勒林-教练 第1步按照处理违反约定四步法的要求逐步执行,《4D卓越团队》查理·佩勒林 | 邓男神Sweety | - **日期**：
处理违反约定四步法,练习场景,【处理违反约定四步法】练习场景 5,【处理违反约定四步法】练习场景<br><br>用户：（描述自己的情况）<br><br><i>运用所学的步骤进行练习</i>,处理违反约定四步法 查理佩勒林-教练 第1步按照处理违反约定四步法的要求逐步执行,《4D卓越团队》查理·佩勒林 | 邓男神Sweety | - **日期**：
处理违反约定四步法,练习场景,【处理违反约定四步法】练习场景 6,【处理违反约定四步法】练习场景<br><br>1. 第1步：按照处理违反约定四步法的要求逐步执行<br><br><i>运用所学的步骤进行练习</i>,处理违反约定四步法 查理佩勒林-教练 第1步按照处理违反约定四步法的要求逐步执行,《4D卓越团队》查理·佩勒林 | 邓男神Sweety | - **日期**：
处理违反约定四步法,练习场景,【处理违反约定四步法】练习场景 7,【处理违反约定四步法】练习场景<br><br>2. 第2步：按照处理违反约定四步法的要求逐步执行<br><br><i>运用所学的步骤进行练习</i>,处理违反约定四步法 查理佩勒林-教练 第1步按照处理违反约定四步法的要求逐步执行,《4D卓越团队》查理·佩勒林 | 邓男神Sweety | - **日期**：
处理违反约定四步法,练习场景,【处理违反约定四步法】练习场景 8,【处理违反约定四步法】练习场景<br><br>3. 第3步：按照处理违反约定四步法的要求逐步执行<br><br><i>运用所学的步骤进行练习</i>,处理违反约定四步法 查理佩勒林-教练 第1步按照处理违反约定四步法的要求逐步执行,《4D卓越团队》查理·佩勒林 | 邓男神Sweety | - **日期**：
处理违反约定四步法,练习场景,【处理违反约定四步法】练习场景 9,【处理违反约定四步法】练习场景<br><br>选择一个贴近用户实际的场景进行练习：<br><br><i>运用所学的步骤进行练习</i>,处理违反约定四步法 查理佩勒林-教练 第1步按照处理违反约定四步法的要求逐步执行,《4D卓越团队》查理·佩勒林 | 邓男神Sweety | - **日期**：
处理违反约定四步法,练习场景,【处理违反约定四步法】练习场景 10,【处理违反约定四步法】练习场景<br><br>场景：<让用户描述一个真实应用场景><br><br><i>运用所学的步骤进行练习</i>,处理违反约定四步法 查理佩勒林-教练 第1步按照处理违反约定四步法的要求逐步执行,《4D卓越团队》查理·佩勒林 | 邓男神Sweety | - **日期**：
处理违反约定四步法,练习场景,【处理违反约定四步法】练习场景 11,【处理违反约定四步法】练习场景<br><br>用户：（尝试应用方法回应）<br><br><i>运用所学的步骤进行练习</i>,处理违反约定四步法 查理佩勒林-教练 第1步按照处理违反约定四步法的要求逐步执行,《4D卓越团队》查理·佩勒林 | 邓男神Sweety | - **日期**：
处理违反约定四步法,练习场景,【处理违反约定四步法】练习场景 12,【处理违反约定四步法】练习场景<br><br>当时你是怎么做的？结果如何？<br><br><i>运用所学的步骤进行练习</i>,处理违反约定四步法 查理佩勒林-教练 第1步按照处理违反约定四步法的要求逐步执行,《4D卓越团队》查理·佩勒林 | 邓男神Sweety | - **日期**：
处理违反约定四步法,练习场景,【处理违反约定四步法】练习场景 13,【处理违反约定四步法】练习场景<br><br>如果用今天学的方法重新处理，你会改变什么？<br><br><i>运用所学的步骤进行练习</i>,处理违反约定四步法 查理佩勒林-教练 第1步按照处理违反约定四步法的要求逐步执行,《4D卓越团队》查理·佩勒林 | 邓男神Sweety | - **日期**：
处理违反约定四步法,练习场景,【处理违反约定四步法】练习场景 14,【处理违反约定四步法】练习场景<br><br>场景中应用「处理违反约定四步法」？<br><br><i>运用所学的步骤进行练习</i>,处理违反约定四步法 查理佩勒林-教练 第1步按照处理违反约定四步法的要求逐步执行,《4D卓越团队》查理·佩勒林 | 邓男神Sweety | - **日期**：
处理违反约定四步法,练习场景,【处理违反约定四步法】练习场景 15,【处理违反约定四步法】练习场景<br><br>1. 应用场景：______<br><br><i>运用所学的步骤进行练习</i>,处理违反约定四步法 查理佩勒林-教练 第1步按照处理违反约定四步法的要求逐步执行,《4D卓越团队》查理·佩勒林 | 邓男神Sweety | - **日期**：
处理违反约定四步法,练习场景,【处理违反约定四步法】练习场景 16,【处理违反约定四步法】练习场景<br><br>2. 具体步骤：______<br><br><i>运用所学的步骤进行练习</i>,处理违反约定四步法 查理佩勒林-教练 第1步按照处理违反约定四步法的要求逐步执行,《4D卓越团队》查理·佩勒林 | 邓男神Sweety | - **日期**：
处理违反约定四步法,练习场景,【处理违反约定四步法】练习场景 17,【处理违反约定四步法】练习场景<br><br>场景中灵活运用 |<br><br><i>运用所学的步骤进行练习</i>,处理违反约定四步法 查理佩勒林-教练 第1步按照处理违反约定四步法的要求逐步执行,《4D卓越团队》查理·佩勒林 | 邓男神Sweety | - **日期**：
处理违反约定四步法,练习场景,【处理违反约定四步法】练习场景 18,【处理违反约定四步法】练习场景<br><br>| 表达清晰度 | 表达是否清晰、有条理 |<br><br><i>运用所学的步骤进行练习</i>,处理违反约定四步法 查理佩勒林-教练 第1步按照处理违反约定四步法的要求逐步执行,《4D卓越团队》查理·佩勒林 | 邓男神Sweety | - **日期**：
处理违反约定四步法,练习场景,【处理违反约定四步法】练习场景 19,【处理违反约定四步法】练习场景<br><br>| 改进意愿 | 是否愿意根据反馈调整 |<br><br><i>运用所学的步骤进行练习</i>,处理违反约定四步法 查理佩勒林-教练 第1步按照处理违反约定四步法的要求逐步执行,《4D卓越团队》查理·佩勒林 | 邓男神Sweety | - **日期**：
处理违反约定四步法,教练提示,【处理违反约定四步法】教练诊断要点,引导用户回顾相关场景：<br>教练：「关于「处理违反约定四步法」，你目前的使用情况如何？<br>遇到过什么困难或困惑吗？」,处理违反约定四步法 查理佩勒林-教练 第1步按照处理违反约定四步法的要求逐步执行,《4D卓越团队》查理·佩勒林 | 邓男神Sweety | - **日期**：
